	mean_fit_time	std_fit_time	mean_score_time	std_score_time	param_doc_topic_prior	param_learning_decay	param_n_components	param_topic_word_prior	params	split0_test_score	split1_test_score	split2_test_score	mean_test_score	std_test_score	rank_test_score
3	1.7948634624481201	0.06372689183883608	0.15791106224060059	0.008782967158867946	0.686283549981997	0.7148637722981328	10	0.7397423008958642	{'doc_topic_prior': 0.686283549981997, 'learning_decay': 0.7148637722981328, 'n_components': 10, 'topic_word_prior': 0.7397423008958642}	-415683.669236465	-558087.7684047661	-460645.28524348646	-478138.9076282392	59437.65351519789	1
2	1.75497039159139	0.09073817931020373	0.1765278180440267	0.010772197845102622	0.31636050352204015	0.19359241206374078	12	0.8348964292496762	{'doc_topic_prior': 0.31636050352204015, 'learning_decay': 0.19359241206374078, 'n_components': 12, 'topic_word_prior': 0.8348964292496762}	-417204.68684397696	-559665.8833177035	-463124.043780226	-479998.20464730216	59370.87447510158	2
4	1.7589598496754963	0.06371169214306488	0.1589082876841227	0.010181513243585865	0.49340914215266685	0.4730117315460203	10	0.496006089068606	{'doc_topic_prior': 0.49340914215266685, 'learning_decay': 0.4730117315460203, 'n_components': 10, 'topic_word_prior': 0.496006089068606}	-418163.50349439256	-562046.318347004	-463743.5747094519	-481317.79885028285	60040.0206423007	3
0	1.6991198857625325	0.022979306980971597	0.13763165473937988	0.010679466852180335	0.839361047440404	0.8212949650754298	13	0.564190131926705	{'doc_topic_prior': 0.839361047440404, 'learning_decay': 0.8212949650754298, 'n_components': 13, 'topic_word_prior': 0.564190131926705}	-422673.9353439271	-565248.0404827606	-468133.50046436087	-485351.8254303495	59465.37872303278	4
1	1.5521802107493083	0.0526306807992322	0.10704660415649414	0.009437508407127758	0.9012077155645184	0.20318733949715184	19	0.27650064004349884	{'doc_topic_prior': 0.9012077155645184, 'learning_decay': 0.20318733949715184, 'n_components': 19, 'topic_word_prior': 0.27650064004349884}	-436101.81640047766	-580612.080951003	-483637.0966353889	-500116.9979956232	60135.92659826567	5
